{
  "experiment": "T11",
  "model": "deepseek-ai/DeepSeek-V2-Lite",
  "method": "lora_r32",
  "elapsed_min": 394.2,
  "steps": 500,
  "final_loss": 5.625986480712891,
  "peak_memory_gb": 35.11,
  "model_load_gb": 32.55,
  "n_params": 15720695296,
  "n_params_trainable": 14211072,
  "output_dir": "/home/student/Desktop/Test/models/T11_DeepSeek-V2-Lite_lora_r32",
  "train_tokens_per_sec": 664.7,
  "train_tps_stdev": 13.1,
  "train_mfu_tflops": 20.898,
  "train_mfu_pct": 31.19,
  "power_w": 12.0,
  "temp_c": 58,
  "loss_curve": [
    11.01655,
    11.01655,
    11.01655,
    11.01655,
    11.01655,
    11.01655,
    11.01655,
    11.01655,
    11.01655,
    11.01655,
    8.89855,
    8.89855,
    8.89855,
    8.89855,
    8.89855,
    8.89855,
    8.89855,
    8.89855,
    8.89855,
    8.89855,
    7.64442,
    7.64442,
    7.64442,
    7.64442,
    7.64442,
    7.64442,
    7.64442,
    7.64442,
    7.64442,
    7.64442,
    6.86643,
    6.86643,
    6.86643,
    6.86643,
    6.86643,
    6.86643,
    6.86643,
    6.86643,
    6.86643,
    6.86643,
    6.64996,
    6.64996,
    6.64996,
    6.64996,
    6.64996,
    6.64996,
    6.64996,
    6.64996,
    6.64996,
    6.64996,
    6.36834,
    6.36834,
    6.36834,
    6.36834,
    6.36834,
    6.36834,
    6.36834,
    6.36834,
    6.36834,
    6.36834,
    6.49216,
    6.49216,
    6.49216,
    6.49216,
    6.49216,
    6.49216,
    6.49216,
    6.49216,
    6.49216,
    6.49216,
    6.25872,
    6.25872,
    6.25872,
    6.25872,
    6.25872,
    6.25872,
    6.25872,
    6.25872,
    6.25872,
    6.25872,
    6.15677,
    6.15677,
    6.15677,
    6.15677,
    6.15677,
    6.15677,
    6.15677,
    6.15677,
    6.15677,
    6.15677,
    6.09586,
    6.09586,
    6.09586,
    6.09586,
    6.09586,
    6.09586,
    6.09586,
    6.09586,
    6.09586,
    6.09586,
    6.01452,
    6.01452,
    6.01452,
    6.01452,
    6.01452,
    6.01452,
    6.01452,
    6.01452,
    6.01452,
    6.01452,
    5.90501,
    5.90501,
    5.90501,
    5.90501,
    5.90501,
    5.90501,
    5.90501,
    5.90501,
    5.90501,
    5.90501,
    5.69447,
    5.69447,
    5.69447,
    5.69447,
    5.69447,
    5.69447,
    5.69447,
    5.69447,
    5.69447,
    5.69447,
    5.76661,
    5.76661,
    5.76661,
    5.76661,
    5.76661,
    5.76661,
    5.76661,
    5.76661,
    5.76661,
    5.76661,
    5.90764,
    5.90764,
    5.90764,
    5.90764,
    5.90764,
    5.90764,
    5.90764,
    5.90764,
    5.90764,
    5.90764,
    5.85244,
    5.85244,
    5.85244,
    5.85244,
    5.85244,
    5.85244,
    5.85244,
    5.85244,
    5.85244,
    5.85244,
    5.84544,
    5.84544,
    5.84544,
    5.84544,
    5.84544,
    5.84544,
    5.84544,
    5.84544,
    5.84544,
    5.84544,
    5.68236,
    5.68236,
    5.68236,
    5.68236,
    5.68236,
    5.68236,
    5.68236,
    5.68236,
    5.68236,
    5.68236,
    6.0127,
    6.0127,
    6.0127,
    6.0127,
    6.0127,
    6.0127,
    6.0127,
    6.0127,
    6.0127,
    6.0127,
    5.78798,
    5.78798,
    5.78798,
    5.78798,
    5.78798,
    5.78798,
    5.78798,
    5.78798,
    5.78798,
    5.78798,
    5.78297,
    5.78297,
    5.78297,
    5.78297,
    5.78297,
    5.78297,
    5.78297,
    5.78297,
    5.78297,
    5.78297,
    5.94283,
    5.94283,
    5.94283,
    5.94283,
    5.94283,
    5.94283,
    5.94283,
    5.94283,
    5.94283,
    5.94283,
    5.92226,
    5.92226,
    5.92226,
    5.92226,
    5.92226,
    5.92226,
    5.92226,
    5.92226,
    5.92226,
    5.92226,
    5.69967,
    5.69967,
    5.69967,
    5.69967,
    5.69967,
    5.69967,
    5.69967,
    5.69967,
    5.69967,
    5.69967,
    5.81163,
    5.81163,
    5.81163,
    5.81163,
    5.81163,
    5.81163,
    5.81163,
    5.81163,
    5.81163,
    5.81163,
    5.74724,
    5.74724,
    5.74724,
    5.74724,
    5.74724,
    5.74724,
    5.74724,
    5.74724,
    5.74724,
    5.74724,
    5.56646,
    5.56646,
    5.56646,
    5.56646,
    5.56646,
    5.56646,
    5.56646,
    5.56646,
    5.56646,
    5.56646,
    5.74637,
    5.74637,
    5.74637,
    5.74637,
    5.74637,
    5.74637,
    5.74637,
    5.74637,
    5.74637,
    5.74637,
    5.69022,
    5.69022,
    5.69022,
    5.69022,
    5.69022,
    5.69022,
    5.69022,
    5.69022,
    5.69022,
    5.69022,
    5.73015,
    5.73015,
    5.73015,
    5.73015,
    5.73015,
    5.73015,
    5.73015,
    5.73015,
    5.73015,
    5.73015,
    5.88771,
    5.88771,
    5.88771,
    5.88771,
    5.88771,
    5.88771,
    5.88771,
    5.88771,
    5.88771,
    5.88771,
    5.84281,
    5.84281,
    5.84281,
    5.84281,
    5.84281,
    5.84281,
    5.84281,
    5.84281,
    5.84281,
    5.84281,
    5.56325,
    5.56325,
    5.56325,
    5.56325,
    5.56325,
    5.56325,
    5.56325,
    5.56325,
    5.56325,
    5.56325,
    5.90184,
    5.90184,
    5.90184,
    5.90184,
    5.90184,
    5.90184,
    5.90184,
    5.90184,
    5.90184,
    5.90184,
    5.75609,
    5.75609,
    5.75609,
    5.75609,
    5.75609,
    5.75609,
    5.75609,
    5.75609,
    5.75609,
    5.75609,
    5.65152,
    5.65152,
    5.65152,
    5.65152,
    5.65152,
    5.65152,
    5.65152,
    5.65152,
    5.65152,
    5.65152,
    5.6734,
    5.6734,
    5.6734,
    5.6734,
    5.6734,
    5.6734,
    5.6734,
    5.6734,
    5.6734,
    5.6734,
    5.57984,
    5.57984,
    5.57984,
    5.57984,
    5.57984,
    5.57984,
    5.57984,
    5.57984,
    5.57984,
    5.57984,
    5.58593,
    5.58593,
    5.58593,
    5.58593,
    5.58593,
    5.58593,
    5.58593,
    5.58593,
    5.58593,
    5.58593,
    5.58744,
    5.58744,
    5.58744,
    5.58744,
    5.58744,
    5.58744,
    5.58744,
    5.58744,
    5.58744,
    5.58744,
    5.61033,
    5.61033,
    5.61033,
    5.61033,
    5.61033,
    5.61033,
    5.61033,
    5.61033,
    5.61033,
    5.61033,
    5.48781,
    5.48781,
    5.48781,
    5.48781,
    5.48781,
    5.48781,
    5.48781,
    5.48781,
    5.48781,
    5.48781,
    5.227,
    5.227,
    5.227,
    5.227,
    5.227,
    5.227,
    5.227,
    5.227,
    5.227,
    5.227,
    5.70094,
    5.70094,
    5.70094,
    5.70094,
    5.70094,
    5.70094,
    5.70094,
    5.70094,
    5.70094,
    5.70094,
    5.3182,
    5.3182,
    5.3182,
    5.3182,
    5.3182,
    5.3182,
    5.3182,
    5.3182,
    5.3182,
    5.3182,
    5.79314,
    5.79314,
    5.79314,
    5.79314,
    5.79314,
    5.79314,
    5.79314,
    5.79314,
    5.79314,
    5.79314,
    5.51477,
    5.51477,
    5.51477,
    5.51477,
    5.51477,
    5.51477,
    5.51477,
    5.51477,
    5.51477,
    5.51477,
    5.41624,
    5.41624,
    5.41624,
    5.41624,
    5.41624,
    5.41624,
    5.41624,
    5.41624,
    5.41624,
    5.41624,
    5.67706,
    5.67706,
    5.67706,
    5.67706,
    5.67706,
    5.67706,
    5.67706,
    5.67706,
    5.67706,
    5.67706
  ],
  "timestamp": "2026-05-03T00:16:33.263472"
}