{
  "experiment": "T1",
  "model": "Qwen/Qwen3-8B",
  "method": "full_ft",
  "elapsed_min": 146.7,
  "steps": 500,
  "final_loss": 1.0194754600524902,
  "peak_memory_gb": 52.32,
  "model_load_gb": 16.38,
  "n_params": 8190735360,
  "output_dir": "/home/student/Desktop/Test/models/T1_Qwen3-8B_full_ft",
  "train_tokens_per_sec": 234.2,
  "train_tps_stdev": 26.8,
  "train_mfu_tflops": 11.507,
  "train_mfu_pct": 17.17,
  "power_w": 0.0,
  "temp_c": 0,
  "loss_curve": [
    1.46016,
    1.46016,
    1.46016,
    1.46016,
    1.46016,
    1.46016,
    1.46016,
    1.46016,
    1.46016,
    1.46016,
    1.17142,
    1.17142,
    1.17142,
    1.17142,
    1.17142,
    1.17142,
    1.17142,
    1.17142,
    1.17142,
    1.17142,
    0.98417,
    0.98417,
    0.98417,
    0.98417,
    0.98417,
    0.98417,
    0.98417,
    0.98417,
    0.98417,
    0.98417,
    1.05931,
    1.05931,
    1.05931,
    1.05931,
    1.05931,
    1.05931,
    1.05931,
    1.05931,
    1.05931,
    1.05931,
    1.12865,
    1.12865,
    1.12865,
    1.12865,
    1.12865,
    1.12865,
    1.12865,
    1.12865,
    1.12865,
    1.12865,
    1.07278,
    1.07278,
    1.07278,
    1.07278,
    1.07278,
    1.07278,
    1.07278,
    1.07278,
    1.07278,
    1.07278,
    1.08406,
    1.08406,
    1.08406,
    1.08406,
    1.08406,
    1.08406,
    1.08406,
    1.08406,
    1.08406,
    1.08406,
    1.06317,
    1.06317,
    1.06317,
    1.06317,
    1.06317,
    1.06317,
    1.06317,
    1.06317,
    1.06317,
    1.06317,
    1.10472,
    1.10472,
    1.10472,
    1.10472,
    1.10472,
    1.10472,
    1.10472,
    1.10472,
    1.10472,
    1.10472,
    1.12818,
    1.12818,
    1.12818,
    1.12818,
    1.12818,
    1.12818,
    1.12818,
    1.12818,
    1.12818,
    1.12818,
    1.0342,
    1.0342,
    1.0342,
    1.0342,
    1.0342,
    1.0342,
    1.0342,
    1.0342,
    1.0342,
    1.0342,
    1.02347,
    1.02347,
    1.02347,
    1.02347,
    1.02347,
    1.02347,
    1.02347,
    1.02347,
    1.02347,
    1.02347,
    1.04394,
    1.04394,
    1.04394,
    1.04394,
    1.04394,
    1.04394,
    1.04394,
    1.04394,
    1.04394,
    1.04394,
    1.07042,
    1.07042,
    1.07042,
    1.07042,
    1.07042,
    1.07042,
    1.07042,
    1.07042,
    1.07042,
    1.07042,
    1.02995,
    1.02995,
    1.02995,
    1.02995,
    1.02995,
    1.02995,
    1.02995,
    1.02995,
    1.02995,
    1.02995,
    1.08673,
    1.08673,
    1.08673,
    1.08673,
    1.08673,
    1.08673,
    1.08673,
    1.08673,
    1.08673,
    1.08673,
    1.04692,
    1.04692,
    1.04692,
    1.04692,
    1.04692,
    1.04692,
    1.04692,
    1.04692,
    1.04692,
    1.04692,
    1.05419,
    1.05419,
    1.05419,
    1.05419,
    1.05419,
    1.05419,
    1.05419,
    1.05419,
    1.05419,
    1.05419,
    1.08733,
    1.08733,
    1.08733,
    1.08733,
    1.08733,
    1.08733,
    1.08733,
    1.08733,
    1.08733,
    1.08733,
    1.06092,
    1.06092,
    1.06092,
    1.06092,
    1.06092,
    1.06092,
    1.06092,
    1.06092,
    1.06092,
    1.06092,
    1.03737,
    1.03737,
    1.03737,
    1.03737,
    1.03737,
    1.03737,
    1.03737,
    1.03737,
    1.03737,
    1.03737,
    1.08595,
    1.08595,
    1.08595,
    1.08595,
    1.08595,
    1.08595,
    1.08595,
    1.08595,
    1.08595,
    1.08595,
    1.08291,
    1.08291,
    1.08291,
    1.08291,
    1.08291,
    1.08291,
    1.08291,
    1.08291,
    1.08291,
    1.08291,
    1.03823,
    1.03823,
    1.03823,
    1.03823,
    1.03823,
    1.03823,
    1.03823,
    1.03823,
    1.03823,
    1.03823,
    1.08953,
    1.08953,
    1.08953,
    1.08953,
    1.08953,
    1.08953,
    1.08953,
    1.08953,
    1.08953,
    1.08953,
    1.06,
    1.06,
    1.06,
    1.06,
    1.06,
    1.06,
    1.06,
    1.06,
    1.06,
    1.06,
    1.02472,
    1.02472,
    1.02472,
    1.02472,
    1.02472,
    1.02472,
    1.02472,
    1.02472,
    1.02472,
    1.02472,
    1.03738,
    1.03738,
    1.03738,
    1.03738,
    1.03738,
    1.03738,
    1.03738,
    1.03738,
    1.03738,
    1.03738,
    1.04752,
    1.04752,
    1.04752,
    1.04752,
    1.04752,
    1.04752,
    1.04752,
    1.04752,
    1.04752,
    1.04752,
    1.05456,
    1.05456,
    1.05456,
    1.05456,
    1.05456,
    1.05456,
    1.05456,
    1.05456,
    1.05456,
    1.05456,
    1.11088,
    1.11088,
    1.11088,
    1.11088,
    1.11088,
    1.11088,
    1.11088,
    1.11088,
    1.11088,
    1.11088,
    1.03123,
    1.03123,
    1.03123,
    1.03123,
    1.03123,
    1.03123,
    1.03123,
    1.03123,
    1.03123,
    1.03123,
    1.08363,
    1.08363,
    1.08363,
    1.08363,
    1.08363,
    1.08363,
    1.08363,
    1.08363,
    1.08363,
    1.08363,
    1.03592,
    1.03592,
    1.03592,
    1.03592,
    1.03592,
    1.03592,
    1.03592,
    1.03592,
    1.03592,
    1.03592,
    1.02394,
    1.02394,
    1.02394,
    1.02394,
    1.02394,
    1.02394,
    1.02394,
    1.02394,
    1.02394,
    1.02394,
    1.00509,
    1.00509,
    1.00509,
    1.00509,
    1.00509,
    1.00509,
    1.00509,
    1.00509,
    1.00509,
    1.00509,
    1.0312,
    1.0312,
    1.0312,
    1.0312,
    1.0312,
    1.0312,
    1.0312,
    1.0312,
    1.0312,
    1.0312,
    1.04609,
    1.04609,
    1.04609,
    1.04609,
    1.04609,
    1.04609,
    1.04609,
    1.04609,
    1.04609,
    1.04609,
    1.04615,
    1.04615,
    1.04615,
    1.04615,
    1.04615,
    1.04615,
    1.04615,
    1.04615,
    1.04615,
    1.04615,
    1.02987,
    1.02987,
    1.02987,
    1.02987,
    1.02987,
    1.02987,
    1.02987,
    1.02987,
    1.02987,
    1.02987,
    1.00398,
    1.00398,
    1.00398,
    1.00398,
    1.00398,
    1.00398,
    1.00398,
    1.00398,
    1.00398,
    1.00398,
    1.05482,
    1.05482,
    1.05482,
    1.05482,
    1.05482,
    1.05482,
    1.05482,
    1.05482,
    1.05482,
    1.05482,
    1.03155,
    1.03155,
    1.03155,
    1.03155,
    1.03155,
    1.03155,
    1.03155,
    1.03155,
    1.03155,
    1.03155,
    1.02236,
    1.02236,
    1.02236,
    1.02236,
    1.02236,
    1.02236,
    1.02236,
    1.02236,
    1.02236,
    1.02236,
    0.99203,
    0.99203,
    0.99203,
    0.99203,
    0.99203,
    0.99203,
    0.99203,
    0.99203,
    0.99203,
    0.99203,
    1.0273,
    1.0273,
    1.0273,
    1.0273,
    1.0273,
    1.0273,
    1.0273,
    1.0273,
    1.0273,
    1.0273,
    1.02761,
    1.02761,
    1.02761,
    1.02761,
    1.02761,
    1.02761,
    1.02761,
    1.02761,
    1.02761,
    1.02761,
    1.08643,
    1.08643,
    1.08643,
    1.08643,
    1.08643,
    1.08643,
    1.08643,
    1.08643,
    1.08643,
    1.08643,
    1.01366,
    1.01366,
    1.01366,
    1.01366,
    1.01366,
    1.01366,
    1.01366,
    1.01366,
    1.01366,
    1.01366
  ],
  "timestamp": "2026-05-01T10:59:15.626236"
}