{
  "experiment": "T24",
  "model": "deepseek-ai/DeepSeek-R1-Distill-Llama-8B",
  "method": "lora_r16",
  "elapsed_min": 162.0,
  "steps": 500,
  "final_loss": 1.3129640579223634,
  "peak_memory_gb": 21.46,
  "model_load_gb": 16.06,
  "n_params": 8072204288,
  "n_params_trainable": 41943040,
  "output_dir": "/home/student/Desktop/Test/models/T24_DeepSeek-R1-Distill-Llama-8B_lora_r16",
  "train_tokens_per_sec": 1703.5,
  "train_tps_stdev": 214.3,
  "train_mfu_tflops": 27.502,
  "train_mfu_pct": 41.05,
  "power_w": 0.0,
  "temp_c": 0,
  "loss_curve": [
    2.84658,
    2.84658,
    2.84658,
    2.84658,
    2.84658,
    2.84658,
    2.84658,
    2.84658,
    2.84658,
    2.84658,
    1.76168,
    1.76168,
    1.76168,
    1.76168,
    1.76168,
    1.76168,
    1.76168,
    1.76168,
    1.76168,
    1.76168,
    1.46897,
    1.46897,
    1.46897,
    1.46897,
    1.46897,
    1.46897,
    1.46897,
    1.46897,
    1.46897,
    1.46897,
    1.49643,
    1.49643,
    1.49643,
    1.49643,
    1.49643,
    1.49643,
    1.49643,
    1.49643,
    1.49643,
    1.49643,
    1.57772,
    1.57772,
    1.57772,
    1.57772,
    1.57772,
    1.57772,
    1.57772,
    1.57772,
    1.57772,
    1.57772,
    1.4712,
    1.4712,
    1.4712,
    1.4712,
    1.4712,
    1.4712,
    1.4712,
    1.4712,
    1.4712,
    1.4712,
    1.49017,
    1.49017,
    1.49017,
    1.49017,
    1.49017,
    1.49017,
    1.49017,
    1.49017,
    1.49017,
    1.49017,
    1.47702,
    1.47702,
    1.47702,
    1.47702,
    1.47702,
    1.47702,
    1.47702,
    1.47702,
    1.47702,
    1.47702,
    1.49531,
    1.49531,
    1.49531,
    1.49531,
    1.49531,
    1.49531,
    1.49531,
    1.49531,
    1.49531,
    1.49531,
    1.4813,
    1.4813,
    1.4813,
    1.4813,
    1.4813,
    1.4813,
    1.4813,
    1.4813,
    1.4813,
    1.4813,
    1.38452,
    1.38452,
    1.38452,
    1.38452,
    1.38452,
    1.38452,
    1.38452,
    1.38452,
    1.38452,
    1.38452,
    1.39092,
    1.39092,
    1.39092,
    1.39092,
    1.39092,
    1.39092,
    1.39092,
    1.39092,
    1.39092,
    1.39092,
    1.38843,
    1.38843,
    1.38843,
    1.38843,
    1.38843,
    1.38843,
    1.38843,
    1.38843,
    1.38843,
    1.38843,
    1.4107,
    1.4107,
    1.4107,
    1.4107,
    1.4107,
    1.4107,
    1.4107,
    1.4107,
    1.4107,
    1.4107,
    1.39192,
    1.39192,
    1.39192,
    1.39192,
    1.39192,
    1.39192,
    1.39192,
    1.39192,
    1.39192,
    1.39192,
    1.42378,
    1.42378,
    1.42378,
    1.42378,
    1.42378,
    1.42378,
    1.42378,
    1.42378,
    1.42378,
    1.42378,
    1.3825,
    1.3825,
    1.3825,
    1.3825,
    1.3825,
    1.3825,
    1.3825,
    1.3825,
    1.3825,
    1.3825,
    1.38248,
    1.38248,
    1.38248,
    1.38248,
    1.38248,
    1.38248,
    1.38248,
    1.38248,
    1.38248,
    1.38248,
    1.42629,
    1.42629,
    1.42629,
    1.42629,
    1.42629,
    1.42629,
    1.42629,
    1.42629,
    1.42629,
    1.42629,
    1.39164,
    1.39164,
    1.39164,
    1.39164,
    1.39164,
    1.39164,
    1.39164,
    1.39164,
    1.39164,
    1.39164,
    1.36933,
    1.36933,
    1.36933,
    1.36933,
    1.36933,
    1.36933,
    1.36933,
    1.36933,
    1.36933,
    1.36933,
    1.42534,
    1.42534,
    1.42534,
    1.42534,
    1.42534,
    1.42534,
    1.42534,
    1.42534,
    1.42534,
    1.42534,
    1.42791,
    1.42791,
    1.42791,
    1.42791,
    1.42791,
    1.42791,
    1.42791,
    1.42791,
    1.42791,
    1.42791,
    1.37286,
    1.37286,
    1.37286,
    1.37286,
    1.37286,
    1.37286,
    1.37286,
    1.37286,
    1.37286,
    1.37286,
    1.38976,
    1.38976,
    1.38976,
    1.38976,
    1.38976,
    1.38976,
    1.38976,
    1.38976,
    1.38976,
    1.38976,
    1.388,
    1.388,
    1.388,
    1.388,
    1.388,
    1.388,
    1.388,
    1.388,
    1.388,
    1.388,
    1.35648,
    1.35648,
    1.35648,
    1.35648,
    1.35648,
    1.35648,
    1.35648,
    1.35648,
    1.35648,
    1.35648,
    1.34723,
    1.34723,
    1.34723,
    1.34723,
    1.34723,
    1.34723,
    1.34723,
    1.34723,
    1.34723,
    1.34723,
    1.3194,
    1.3194,
    1.3194,
    1.3194,
    1.3194,
    1.3194,
    1.3194,
    1.3194,
    1.3194,
    1.3194,
    1.36966,
    1.36966,
    1.36966,
    1.36966,
    1.36966,
    1.36966,
    1.36966,
    1.36966,
    1.36966,
    1.36966,
    1.40498,
    1.40498,
    1.40498,
    1.40498,
    1.40498,
    1.40498,
    1.40498,
    1.40498,
    1.40498,
    1.40498,
    1.33457,
    1.33457,
    1.33457,
    1.33457,
    1.33457,
    1.33457,
    1.33457,
    1.33457,
    1.33457,
    1.33457,
    1.36535,
    1.36535,
    1.36535,
    1.36535,
    1.36535,
    1.36535,
    1.36535,
    1.36535,
    1.36535,
    1.36535,
    1.34605,
    1.34605,
    1.34605,
    1.34605,
    1.34605,
    1.34605,
    1.34605,
    1.34605,
    1.34605,
    1.34605,
    1.30276,
    1.30276,
    1.30276,
    1.30276,
    1.30276,
    1.30276,
    1.30276,
    1.30276,
    1.30276,
    1.30276,
    1.31133,
    1.31133,
    1.31133,
    1.31133,
    1.31133,
    1.31133,
    1.31133,
    1.31133,
    1.31133,
    1.31133,
    1.29528,
    1.29528,
    1.29528,
    1.29528,
    1.29528,
    1.29528,
    1.29528,
    1.29528,
    1.29528,
    1.29528,
    1.32419,
    1.32419,
    1.32419,
    1.32419,
    1.32419,
    1.32419,
    1.32419,
    1.32419,
    1.32419,
    1.32419,
    1.31412,
    1.31412,
    1.31412,
    1.31412,
    1.31412,
    1.31412,
    1.31412,
    1.31412,
    1.31412,
    1.31412,
    1.29655,
    1.29655,
    1.29655,
    1.29655,
    1.29655,
    1.29655,
    1.29655,
    1.29655,
    1.29655,
    1.29655,
    1.29439,
    1.29439,
    1.29439,
    1.29439,
    1.29439,
    1.29439,
    1.29439,
    1.29439,
    1.29439,
    1.29439,
    1.33586,
    1.33586,
    1.33586,
    1.33586,
    1.33586,
    1.33586,
    1.33586,
    1.33586,
    1.33586,
    1.33586,
    1.29819,
    1.29819,
    1.29819,
    1.29819,
    1.29819,
    1.29819,
    1.29819,
    1.29819,
    1.29819,
    1.29819,
    1.31936,
    1.31936,
    1.31936,
    1.31936,
    1.31936,
    1.31936,
    1.31936,
    1.31936,
    1.31936,
    1.31936,
    1.24881,
    1.24881,
    1.24881,
    1.24881,
    1.24881,
    1.24881,
    1.24881,
    1.24881,
    1.24881,
    1.24881,
    1.37147,
    1.37147,
    1.37147,
    1.37147,
    1.37147,
    1.37147,
    1.37147,
    1.37147,
    1.37147,
    1.37147,
    1.3092,
    1.3092,
    1.3092,
    1.3092,
    1.3092,
    1.3092,
    1.3092,
    1.3092,
    1.3092,
    1.3092,
    1.33178,
    1.33178,
    1.33178,
    1.33178,
    1.33178,
    1.33178,
    1.33178,
    1.33178,
    1.33178,
    1.33178,
    1.32204,
    1.32204,
    1.32204,
    1.32204,
    1.32204,
    1.32204,
    1.32204,
    1.32204,
    1.32204,
    1.32204
  ],
  "timestamp": "2026-05-01T08:29:39.829399",
  "mfu_corrected": true
}