{
  "experiment": "T2",
  "model": "mistralai/Mistral-7B-Instruct-v0.3",
  "method": "full_ft",
  "elapsed_min": 151.1,
  "steps": 500,
  "final_loss": 1.022135066986084,
  "peak_memory_gb": 44.76,
  "model_load_gb": 14.5,
  "n_params": 7248023552,
  "output_dir": "/home/student/Desktop/Test/models/T2_Mistral-7B-Instruct-v0.3_full_ft",
  "train_tokens_per_sec": 1822.4,
  "train_tps_stdev": 225.1,
  "train_mfu_tflops": 79.251,
  "train_mfu_pct": 118.29,
  "power_w": 13.5,
  "temp_c": 64,
  "loss_curve": [
    1.21406,
    1.21406,
    1.21406,
    1.21406,
    1.21406,
    1.21406,
    1.21406,
    1.21406,
    1.21406,
    1.21406,
    1.18528,
    1.18528,
    1.18528,
    1.18528,
    1.18528,
    1.18528,
    1.18528,
    1.18528,
    1.18528,
    1.18528,
    1.04525,
    1.04525,
    1.04525,
    1.04525,
    1.04525,
    1.04525,
    1.04525,
    1.04525,
    1.04525,
    1.04525,
    1.13573,
    1.13573,
    1.13573,
    1.13573,
    1.13573,
    1.13573,
    1.13573,
    1.13573,
    1.13573,
    1.13573,
    1.23665,
    1.23665,
    1.23665,
    1.23665,
    1.23665,
    1.23665,
    1.23665,
    1.23665,
    1.23665,
    1.23665,
    1.19362,
    1.19362,
    1.19362,
    1.19362,
    1.19362,
    1.19362,
    1.19362,
    1.19362,
    1.19362,
    1.19362,
    1.22426,
    1.22426,
    1.22426,
    1.22426,
    1.22426,
    1.22426,
    1.22426,
    1.22426,
    1.22426,
    1.22426,
    1.17558,
    1.17558,
    1.17558,
    1.17558,
    1.17558,
    1.17558,
    1.17558,
    1.17558,
    1.17558,
    1.17558,
    1.24007,
    1.24007,
    1.24007,
    1.24007,
    1.24007,
    1.24007,
    1.24007,
    1.24007,
    1.24007,
    1.24007,
    1.24362,
    1.24362,
    1.24362,
    1.24362,
    1.24362,
    1.24362,
    1.24362,
    1.24362,
    1.24362,
    1.24362,
    1.175,
    1.175,
    1.175,
    1.175,
    1.175,
    1.175,
    1.175,
    1.175,
    1.175,
    1.175,
    1.16909,
    1.16909,
    1.16909,
    1.16909,
    1.16909,
    1.16909,
    1.16909,
    1.16909,
    1.16909,
    1.16909,
    1.1526,
    1.1526,
    1.1526,
    1.1526,
    1.1526,
    1.1526,
    1.1526,
    1.1526,
    1.1526,
    1.1526,
    1.20274,
    1.20274,
    1.20274,
    1.20274,
    1.20274,
    1.20274,
    1.20274,
    1.20274,
    1.20274,
    1.20274,
    1.15804,
    1.15804,
    1.15804,
    1.15804,
    1.15804,
    1.15804,
    1.15804,
    1.15804,
    1.15804,
    1.15804,
    1.19445,
    1.19445,
    1.19445,
    1.19445,
    1.19445,
    1.19445,
    1.19445,
    1.19445,
    1.19445,
    1.19445,
    1.18899,
    1.18899,
    1.18899,
    1.18899,
    1.18899,
    1.18899,
    1.18899,
    1.18899,
    1.18899,
    1.18899,
    1.18372,
    1.18372,
    1.18372,
    1.18372,
    1.18372,
    1.18372,
    1.18372,
    1.18372,
    1.18372,
    1.18372,
    1.21,
    1.21,
    1.21,
    1.21,
    1.21,
    1.21,
    1.21,
    1.21,
    1.21,
    1.21,
    1.16832,
    1.16832,
    1.16832,
    1.16832,
    1.16832,
    1.16832,
    1.16832,
    1.16832,
    1.16832,
    1.16832,
    1.1457,
    1.1457,
    1.1457,
    1.1457,
    1.1457,
    1.1457,
    1.1457,
    1.1457,
    1.1457,
    1.1457,
    1.18713,
    1.18713,
    1.18713,
    1.18713,
    1.18713,
    1.18713,
    1.18713,
    1.18713,
    1.18713,
    1.18713,
    1.17211,
    1.17211,
    1.17211,
    1.17211,
    1.17211,
    1.17211,
    1.17211,
    1.17211,
    1.17211,
    1.17211,
    1.12516,
    1.12516,
    1.12516,
    1.12516,
    1.12516,
    1.12516,
    1.12516,
    1.12516,
    1.12516,
    1.12516,
    1.14172,
    1.14172,
    1.14172,
    1.14172,
    1.14172,
    1.14172,
    1.14172,
    1.14172,
    1.14172,
    1.14172,
    1.13006,
    1.13006,
    1.13006,
    1.13006,
    1.13006,
    1.13006,
    1.13006,
    1.13006,
    1.13006,
    1.13006,
    1.08205,
    1.08205,
    1.08205,
    1.08205,
    1.08205,
    1.08205,
    1.08205,
    1.08205,
    1.08205,
    1.08205,
    1.0902,
    1.0902,
    1.0902,
    1.0902,
    1.0902,
    1.0902,
    1.0902,
    1.0902,
    1.0902,
    1.0902,
    1.08229,
    1.08229,
    1.08229,
    1.08229,
    1.08229,
    1.08229,
    1.08229,
    1.08229,
    1.08229,
    1.08229,
    1.10298,
    1.10298,
    1.10298,
    1.10298,
    1.10298,
    1.10298,
    1.10298,
    1.10298,
    1.10298,
    1.10298,
    1.14523,
    1.14523,
    1.14523,
    1.14523,
    1.14523,
    1.14523,
    1.14523,
    1.14523,
    1.14523,
    1.14523,
    1.06041,
    1.06041,
    1.06041,
    1.06041,
    1.06041,
    1.06041,
    1.06041,
    1.06041,
    1.06041,
    1.06041,
    1.08367,
    1.08367,
    1.08367,
    1.08367,
    1.08367,
    1.08367,
    1.08367,
    1.08367,
    1.08367,
    1.08367,
    1.05983,
    1.05983,
    1.05983,
    1.05983,
    1.05983,
    1.05983,
    1.05983,
    1.05983,
    1.05983,
    1.05983,
    1.04622,
    1.04622,
    1.04622,
    1.04622,
    1.04622,
    1.04622,
    1.04622,
    1.04622,
    1.04622,
    1.04622,
    1.03817,
    1.03817,
    1.03817,
    1.03817,
    1.03817,
    1.03817,
    1.03817,
    1.03817,
    1.03817,
    1.03817,
    1.05658,
    1.05658,
    1.05658,
    1.05658,
    1.05658,
    1.05658,
    1.05658,
    1.05658,
    1.05658,
    1.05658,
    1.0563,
    1.0563,
    1.0563,
    1.0563,
    1.0563,
    1.0563,
    1.0563,
    1.0563,
    1.0563,
    1.0563,
    1.05129,
    1.05129,
    1.05129,
    1.05129,
    1.05129,
    1.05129,
    1.05129,
    1.05129,
    1.05129,
    1.05129,
    1.0263,
    1.0263,
    1.0263,
    1.0263,
    1.0263,
    1.0263,
    1.0263,
    1.0263,
    1.0263,
    1.0263,
    0.99731,
    0.99731,
    0.99731,
    0.99731,
    0.99731,
    0.99731,
    0.99731,
    0.99731,
    0.99731,
    0.99731,
    1.07481,
    1.07481,
    1.07481,
    1.07481,
    1.07481,
    1.07481,
    1.07481,
    1.07481,
    1.07481,
    1.07481,
    1.01871,
    1.01871,
    1.01871,
    1.01871,
    1.01871,
    1.01871,
    1.01871,
    1.01871,
    1.01871,
    1.01871,
    1.03897,
    1.03897,
    1.03897,
    1.03897,
    1.03897,
    1.03897,
    1.03897,
    1.03897,
    1.03897,
    1.03897,
    1.00468,
    1.00468,
    1.00468,
    1.00468,
    1.00468,
    1.00468,
    1.00468,
    1.00468,
    1.00468,
    1.00468,
    1.06979,
    1.06979,
    1.06979,
    1.06979,
    1.06979,
    1.06979,
    1.06979,
    1.06979,
    1.06979,
    1.06979,
    1.04324,
    1.04324,
    1.04324,
    1.04324,
    1.04324,
    1.04324,
    1.04324,
    1.04324,
    1.04324,
    1.04324,
    1.07215,
    1.07215,
    1.07215,
    1.07215,
    1.07215,
    1.07215,
    1.07215,
    1.07215,
    1.07215,
    1.07215,
    1.04104,
    1.04104,
    1.04104,
    1.04104,
    1.04104,
    1.04104,
    1.04104,
    1.04104,
    1.04104,
    1.04104
  ],
  "timestamp": "2026-05-04T21:16:29.325566"
}