{
  "experiment": "T3",
  "model": "Qwen/Qwen3-8B",
  "method": "lora_r16",
  "elapsed_min": 3.0,
  "steps": 20,
  "final_loss": 1.0535478591918945,
  "peak_memory_gb": 19.06,
  "model_load_gb": 16.38,
  "n_params_trainable": 43646976,
  "output_dir": "/home/student/Desktop/Test/models/T3_Qwen3-8B_lora_r16",
  "train_tokens_per_sec": 465.0,
  "train_tps_stdev": 69.1,
  "train_mfu_tflops": 0.122,
  "train_mfu_pct": 0.18,
  "power_w": 0.0,
  "temp_c": 0,
  "loss_curve": [
    1.70649,
    1.70649,
    1.70649,
    1.70649,
    1.70649,
    1.70649,
    1.70649,
    1.70649,
    1.70649,
    1.70649
  ],
  "timestamp": "2026-05-01T02:56:15.217870"
}