{
  "experiment": "T3",
  "model": "Qwen/Qwen3-8B",
  "method": "lora_r16",
  "elapsed_min": 152.2,
  "steps": 500,
  "final_loss": 1.0169264793395996,
  "peak_memory_gb": 22.03,
  "model_load_gb": 16.38,
  "n_params": 8234382336,
  "n_params_trainable": 43646976,
  "output_dir": "/home/student/Desktop/Test/models/T3_Qwen3-8B_lora_r16",
  "train_tokens_per_sec": 1802.0,
  "train_tps_stdev": 199.2,
  "train_mfu_tflops": 29.677,
  "train_mfu_pct": 44.29,
  "power_w": 0.0,
  "temp_c": 0,
  "loss_curve": [
    1.69886,
    1.69886,
    1.69886,
    1.69886,
    1.69886,
    1.69886,
    1.69886,
    1.69886,
    1.69886,
    1.69886,
    1.21153,
    1.21153,
    1.21153,
    1.21153,
    1.21153,
    1.21153,
    1.21153,
    1.21153,
    1.21153,
    1.21153,
    0.99465,
    0.99465,
    0.99465,
    0.99465,
    0.99465,
    0.99465,
    0.99465,
    0.99465,
    0.99465,
    0.99465,
    1.06244,
    1.06244,
    1.06244,
    1.06244,
    1.06244,
    1.06244,
    1.06244,
    1.06244,
    1.06244,
    1.06244,
    1.13121,
    1.13121,
    1.13121,
    1.13121,
    1.13121,
    1.13121,
    1.13121,
    1.13121,
    1.13121,
    1.13121,
    1.07514,
    1.07514,
    1.07514,
    1.07514,
    1.07514,
    1.07514,
    1.07514,
    1.07514,
    1.07514,
    1.07514,
    1.08576,
    1.08576,
    1.08576,
    1.08576,
    1.08576,
    1.08576,
    1.08576,
    1.08576,
    1.08576,
    1.08576,
    1.06722,
    1.06722,
    1.06722,
    1.06722,
    1.06722,
    1.06722,
    1.06722,
    1.06722,
    1.06722,
    1.06722,
    1.10646,
    1.10646,
    1.10646,
    1.10646,
    1.10646,
    1.10646,
    1.10646,
    1.10646,
    1.10646,
    1.10646,
    1.13054,
    1.13054,
    1.13054,
    1.13054,
    1.13054,
    1.13054,
    1.13054,
    1.13054,
    1.13054,
    1.13054,
    1.03623,
    1.03623,
    1.03623,
    1.03623,
    1.03623,
    1.03623,
    1.03623,
    1.03623,
    1.03623,
    1.03623,
    1.02583,
    1.02583,
    1.02583,
    1.02583,
    1.02583,
    1.02583,
    1.02583,
    1.02583,
    1.02583,
    1.02583,
    1.04489,
    1.04489,
    1.04489,
    1.04489,
    1.04489,
    1.04489,
    1.04489,
    1.04489,
    1.04489,
    1.04489,
    1.0701,
    1.0701,
    1.0701,
    1.0701,
    1.0701,
    1.0701,
    1.0701,
    1.0701,
    1.0701,
    1.0701,
    1.0305,
    1.0305,
    1.0305,
    1.0305,
    1.0305,
    1.0305,
    1.0305,
    1.0305,
    1.0305,
    1.0305,
    1.08684,
    1.08684,
    1.08684,
    1.08684,
    1.08684,
    1.08684,
    1.08684,
    1.08684,
    1.08684,
    1.08684,
    1.04585,
    1.04585,
    1.04585,
    1.04585,
    1.04585,
    1.04585,
    1.04585,
    1.04585,
    1.04585,
    1.04585,
    1.05468,
    1.05468,
    1.05468,
    1.05468,
    1.05468,
    1.05468,
    1.05468,
    1.05468,
    1.05468,
    1.05468,
    1.09079,
    1.09079,
    1.09079,
    1.09079,
    1.09079,
    1.09079,
    1.09079,
    1.09079,
    1.09079,
    1.09079,
    1.06113,
    1.06113,
    1.06113,
    1.06113,
    1.06113,
    1.06113,
    1.06113,
    1.06113,
    1.06113,
    1.06113,
    1.03739,
    1.03739,
    1.03739,
    1.03739,
    1.03739,
    1.03739,
    1.03739,
    1.03739,
    1.03739,
    1.03739,
    1.08704,
    1.08704,
    1.08704,
    1.08704,
    1.08704,
    1.08704,
    1.08704,
    1.08704,
    1.08704,
    1.08704,
    1.08142,
    1.08142,
    1.08142,
    1.08142,
    1.08142,
    1.08142,
    1.08142,
    1.08142,
    1.08142,
    1.08142,
    1.03555,
    1.03555,
    1.03555,
    1.03555,
    1.03555,
    1.03555,
    1.03555,
    1.03555,
    1.03555,
    1.03555,
    1.08979,
    1.08979,
    1.08979,
    1.08979,
    1.08979,
    1.08979,
    1.08979,
    1.08979,
    1.08979,
    1.08979,
    1.06025,
    1.06025,
    1.06025,
    1.06025,
    1.06025,
    1.06025,
    1.06025,
    1.06025,
    1.06025,
    1.06025,
    1.0253,
    1.0253,
    1.0253,
    1.0253,
    1.0253,
    1.0253,
    1.0253,
    1.0253,
    1.0253,
    1.0253,
    1.03864,
    1.03864,
    1.03864,
    1.03864,
    1.03864,
    1.03864,
    1.03864,
    1.03864,
    1.03864,
    1.03864,
    1.04707,
    1.04707,
    1.04707,
    1.04707,
    1.04707,
    1.04707,
    1.04707,
    1.04707,
    1.04707,
    1.04707,
    1.05446,
    1.05446,
    1.05446,
    1.05446,
    1.05446,
    1.05446,
    1.05446,
    1.05446,
    1.05446,
    1.05446,
    1.1077,
    1.1077,
    1.1077,
    1.1077,
    1.1077,
    1.1077,
    1.1077,
    1.1077,
    1.1077,
    1.1077,
    1.02842,
    1.02842,
    1.02842,
    1.02842,
    1.02842,
    1.02842,
    1.02842,
    1.02842,
    1.02842,
    1.02842,
    1.08234,
    1.08234,
    1.08234,
    1.08234,
    1.08234,
    1.08234,
    1.08234,
    1.08234,
    1.08234,
    1.08234,
    1.03558,
    1.03558,
    1.03558,
    1.03558,
    1.03558,
    1.03558,
    1.03558,
    1.03558,
    1.03558,
    1.03558,
    1.0219,
    1.0219,
    1.0219,
    1.0219,
    1.0219,
    1.0219,
    1.0219,
    1.0219,
    1.0219,
    1.0219,
    1.00318,
    1.00318,
    1.00318,
    1.00318,
    1.00318,
    1.00318,
    1.00318,
    1.00318,
    1.00318,
    1.00318,
    1.0273,
    1.0273,
    1.0273,
    1.0273,
    1.0273,
    1.0273,
    1.0273,
    1.0273,
    1.0273,
    1.0273,
    1.04075,
    1.04075,
    1.04075,
    1.04075,
    1.04075,
    1.04075,
    1.04075,
    1.04075,
    1.04075,
    1.04075,
    1.0414,
    1.0414,
    1.0414,
    1.0414,
    1.0414,
    1.0414,
    1.0414,
    1.0414,
    1.0414,
    1.0414,
    1.02471,
    1.02471,
    1.02471,
    1.02471,
    1.02471,
    1.02471,
    1.02471,
    1.02471,
    1.02471,
    1.02471,
    1.00205,
    1.00205,
    1.00205,
    1.00205,
    1.00205,
    1.00205,
    1.00205,
    1.00205,
    1.00205,
    1.00205,
    1.05134,
    1.05134,
    1.05134,
    1.05134,
    1.05134,
    1.05134,
    1.05134,
    1.05134,
    1.05134,
    1.05134,
    1.02484,
    1.02484,
    1.02484,
    1.02484,
    1.02484,
    1.02484,
    1.02484,
    1.02484,
    1.02484,
    1.02484,
    1.01926,
    1.01926,
    1.01926,
    1.01926,
    1.01926,
    1.01926,
    1.01926,
    1.01926,
    1.01926,
    1.01926,
    0.98783,
    0.98783,
    0.98783,
    0.98783,
    0.98783,
    0.98783,
    0.98783,
    0.98783,
    0.98783,
    0.98783,
    1.024,
    1.024,
    1.024,
    1.024,
    1.024,
    1.024,
    1.024,
    1.024,
    1.024,
    1.024,
    1.0222,
    1.0222,
    1.0222,
    1.0222,
    1.0222,
    1.0222,
    1.0222,
    1.0222,
    1.0222,
    1.0222,
    1.08282,
    1.08282,
    1.08282,
    1.08282,
    1.08282,
    1.08282,
    1.08282,
    1.08282,
    1.08282,
    1.08282,
    1.01003,
    1.01003,
    1.01003,
    1.01003,
    1.01003,
    1.01003,
    1.01003,
    1.01003,
    1.01003,
    1.01003
  ],
  "timestamp": "2026-05-01T05:43:06.936997",
  "mfu_corrected": true
}