{
  "experiment": "T4",
  "model": "mistralai/Mistral-7B-Instruct-v0.3",
  "method": "lora_r16",
  "elapsed_min": 159.4,
  "steps": 500,
  "final_loss": 0.8405988693237305,
  "peak_memory_gb": 16.73,
  "model_load_gb": 14.5,
  "n_params": 7289966592,
  "n_params_trainable": 41943040,
  "output_dir": "/home/student/Desktop/Test/models/T4_Mistral-7B-Instruct-v0.3_lora_r16",
  "train_tokens_per_sec": 1728.3,
  "train_tps_stdev": 207.0,
  "train_mfu_tflops": 25.199,
  "train_mfu_pct": 37.61,
  "power_w": 14.3,
  "temp_c": 68,
  "loss_curve": [
    1.32779,
    1.32779,
    1.32779,
    1.32779,
    1.32779,
    1.32779,
    1.32779,
    1.32779,
    1.32779,
    1.32779,
    1.02384,
    1.02384,
    1.02384,
    1.02384,
    1.02384,
    1.02384,
    1.02384,
    1.02384,
    1.02384,
    1.02384,
    0.8251,
    0.8251,
    0.8251,
    0.8251,
    0.8251,
    0.8251,
    0.8251,
    0.8251,
    0.8251,
    0.8251,
    0.88551,
    0.88551,
    0.88551,
    0.88551,
    0.88551,
    0.88551,
    0.88551,
    0.88551,
    0.88551,
    0.88551,
    0.95292,
    0.95292,
    0.95292,
    0.95292,
    0.95292,
    0.95292,
    0.95292,
    0.95292,
    0.95292,
    0.95292,
    0.90545,
    0.90545,
    0.90545,
    0.90545,
    0.90545,
    0.90545,
    0.90545,
    0.90545,
    0.90545,
    0.90545,
    0.90905,
    0.90905,
    0.90905,
    0.90905,
    0.90905,
    0.90905,
    0.90905,
    0.90905,
    0.90905,
    0.90905,
    0.89656,
    0.89656,
    0.89656,
    0.89656,
    0.89656,
    0.89656,
    0.89656,
    0.89656,
    0.89656,
    0.89656,
    0.93019,
    0.93019,
    0.93019,
    0.93019,
    0.93019,
    0.93019,
    0.93019,
    0.93019,
    0.93019,
    0.93019,
    0.94025,
    0.94025,
    0.94025,
    0.94025,
    0.94025,
    0.94025,
    0.94025,
    0.94025,
    0.94025,
    0.94025,
    0.87613,
    0.87613,
    0.87613,
    0.87613,
    0.87613,
    0.87613,
    0.87613,
    0.87613,
    0.87613,
    0.87613,
    0.86868,
    0.86868,
    0.86868,
    0.86868,
    0.86868,
    0.86868,
    0.86868,
    0.86868,
    0.86868,
    0.86868,
    0.86853,
    0.86853,
    0.86853,
    0.86853,
    0.86853,
    0.86853,
    0.86853,
    0.86853,
    0.86853,
    0.86853,
    0.90105,
    0.90105,
    0.90105,
    0.90105,
    0.90105,
    0.90105,
    0.90105,
    0.90105,
    0.90105,
    0.90105,
    0.85585,
    0.85585,
    0.85585,
    0.85585,
    0.85585,
    0.85585,
    0.85585,
    0.85585,
    0.85585,
    0.85585,
    0.9072,
    0.9072,
    0.9072,
    0.9072,
    0.9072,
    0.9072,
    0.9072,
    0.9072,
    0.9072,
    0.9072,
    0.87787,
    0.87787,
    0.87787,
    0.87787,
    0.87787,
    0.87787,
    0.87787,
    0.87787,
    0.87787,
    0.87787,
    0.88832,
    0.88832,
    0.88832,
    0.88832,
    0.88832,
    0.88832,
    0.88832,
    0.88832,
    0.88832,
    0.88832,
    0.92046,
    0.92046,
    0.92046,
    0.92046,
    0.92046,
    0.92046,
    0.92046,
    0.92046,
    0.92046,
    0.92046,
    0.89391,
    0.89391,
    0.89391,
    0.89391,
    0.89391,
    0.89391,
    0.89391,
    0.89391,
    0.89391,
    0.89391,
    0.87782,
    0.87782,
    0.87782,
    0.87782,
    0.87782,
    0.87782,
    0.87782,
    0.87782,
    0.87782,
    0.87782,
    0.91327,
    0.91327,
    0.91327,
    0.91327,
    0.91327,
    0.91327,
    0.91327,
    0.91327,
    0.91327,
    0.91327,
    0.90959,
    0.90959,
    0.90959,
    0.90959,
    0.90959,
    0.90959,
    0.90959,
    0.90959,
    0.90959,
    0.90959,
    0.87486,
    0.87486,
    0.87486,
    0.87486,
    0.87486,
    0.87486,
    0.87486,
    0.87486,
    0.87486,
    0.87486,
    0.9023,
    0.9023,
    0.9023,
    0.9023,
    0.9023,
    0.9023,
    0.9023,
    0.9023,
    0.9023,
    0.9023,
    0.8834,
    0.8834,
    0.8834,
    0.8834,
    0.8834,
    0.8834,
    0.8834,
    0.8834,
    0.8834,
    0.8834,
    0.85705,
    0.85705,
    0.85705,
    0.85705,
    0.85705,
    0.85705,
    0.85705,
    0.85705,
    0.85705,
    0.85705,
    0.86317,
    0.86317,
    0.86317,
    0.86317,
    0.86317,
    0.86317,
    0.86317,
    0.86317,
    0.86317,
    0.86317,
    0.86548,
    0.86548,
    0.86548,
    0.86548,
    0.86548,
    0.86548,
    0.86548,
    0.86548,
    0.86548,
    0.86548,
    0.89267,
    0.89267,
    0.89267,
    0.89267,
    0.89267,
    0.89267,
    0.89267,
    0.89267,
    0.89267,
    0.89267,
    0.93369,
    0.93369,
    0.93369,
    0.93369,
    0.93369,
    0.93369,
    0.93369,
    0.93369,
    0.93369,
    0.93369,
    0.85485,
    0.85485,
    0.85485,
    0.85485,
    0.85485,
    0.85485,
    0.85485,
    0.85485,
    0.85485,
    0.85485,
    0.8898,
    0.8898,
    0.8898,
    0.8898,
    0.8898,
    0.8898,
    0.8898,
    0.8898,
    0.8898,
    0.8898,
    0.86525,
    0.86525,
    0.86525,
    0.86525,
    0.86525,
    0.86525,
    0.86525,
    0.86525,
    0.86525,
    0.86525,
    0.84826,
    0.84826,
    0.84826,
    0.84826,
    0.84826,
    0.84826,
    0.84826,
    0.84826,
    0.84826,
    0.84826,
    0.8423,
    0.8423,
    0.8423,
    0.8423,
    0.8423,
    0.8423,
    0.8423,
    0.8423,
    0.8423,
    0.8423,
    0.85775,
    0.85775,
    0.85775,
    0.85775,
    0.85775,
    0.85775,
    0.85775,
    0.85775,
    0.85775,
    0.85775,
    0.87848,
    0.87848,
    0.87848,
    0.87848,
    0.87848,
    0.87848,
    0.87848,
    0.87848,
    0.87848,
    0.87848,
    0.87268,
    0.87268,
    0.87268,
    0.87268,
    0.87268,
    0.87268,
    0.87268,
    0.87268,
    0.87268,
    0.87268,
    0.84969,
    0.84969,
    0.84969,
    0.84969,
    0.84969,
    0.84969,
    0.84969,
    0.84969,
    0.84969,
    0.84969,
    0.82382,
    0.82382,
    0.82382,
    0.82382,
    0.82382,
    0.82382,
    0.82382,
    0.82382,
    0.82382,
    0.82382,
    0.8879,
    0.8879,
    0.8879,
    0.8879,
    0.8879,
    0.8879,
    0.8879,
    0.8879,
    0.8879,
    0.8879,
    0.85023,
    0.85023,
    0.85023,
    0.85023,
    0.85023,
    0.85023,
    0.85023,
    0.85023,
    0.85023,
    0.85023,
    0.84383,
    0.84383,
    0.84383,
    0.84383,
    0.84383,
    0.84383,
    0.84383,
    0.84383,
    0.84383,
    0.84383,
    0.82459,
    0.82459,
    0.82459,
    0.82459,
    0.82459,
    0.82459,
    0.82459,
    0.82459,
    0.82459,
    0.82459,
    0.85807,
    0.85807,
    0.85807,
    0.85807,
    0.85807,
    0.85807,
    0.85807,
    0.85807,
    0.85807,
    0.85807,
    0.85361,
    0.85361,
    0.85361,
    0.85361,
    0.85361,
    0.85361,
    0.85361,
    0.85361,
    0.85361,
    0.85361,
    0.89512,
    0.89512,
    0.89512,
    0.89512,
    0.89512,
    0.89512,
    0.89512,
    0.89512,
    0.89512,
    0.89512,
    0.84011,
    0.84011,
    0.84011,
    0.84011,
    0.84011,
    0.84011,
    0.84011,
    0.84011,
    0.84011,
    0.84011
  ],
  "timestamp": "2026-05-01T14:52:35.122753"
}