{
  "experiment": "T5",
  "model": "Qwen/Qwen3-8B",
  "method": "lora_r64",
  "elapsed_min": 450.3,
  "steps": 500,
  "final_loss": 0.9278114318847657,
  "peak_memory_gb": 30.54,
  "model_load_gb": 16.38,
  "n_params": 8365323264,
  "n_params_trainable": 174587904,
  "output_dir": "/home/student/Desktop/Test/models/T5_Qwen3-8B_lora_r64",
  "train_tokens_per_sec": 631.5,
  "train_tps_stdev": 100.8,
  "train_mfu_tflops": 10.565,
  "train_mfu_pct": 15.77,
  "power_w": 15.9,
  "temp_c": 72,
  "loss_curve": [
    1.37267,
    1.37267,
    1.37267,
    1.37267,
    1.37267,
    1.37267,
    1.37267,
    1.37267,
    1.37267,
    1.37267,
    1.01658,
    1.01658,
    1.01658,
    1.01658,
    1.01658,
    1.01658,
    1.01658,
    1.01658,
    1.01658,
    1.01658,
    1.09427,
    1.09427,
    1.09427,
    1.09427,
    1.09427,
    1.09427,
    1.09427,
    1.09427,
    1.09427,
    1.09427,
    0.99348,
    0.99348,
    0.99348,
    0.99348,
    0.99348,
    0.99348,
    0.99348,
    0.99348,
    0.99348,
    0.99348,
    1.01561,
    1.01561,
    1.01561,
    1.01561,
    1.01561,
    1.01561,
    1.01561,
    1.01561,
    1.01561,
    1.01561,
    0.8424,
    0.8424,
    0.8424,
    0.8424,
    0.8424,
    0.8424,
    0.8424,
    0.8424,
    0.8424,
    0.8424,
    0.90769,
    0.90769,
    0.90769,
    0.90769,
    0.90769,
    0.90769,
    0.90769,
    0.90769,
    0.90769,
    0.90769,
    0.94334,
    0.94334,
    0.94334,
    0.94334,
    0.94334,
    0.94334,
    0.94334,
    0.94334,
    0.94334,
    0.94334,
    0.97957,
    0.97957,
    0.97957,
    0.97957,
    0.97957,
    0.97957,
    0.97957,
    0.97957,
    0.97957,
    0.97957,
    0.87738,
    0.87738,
    0.87738,
    0.87738,
    0.87738,
    0.87738,
    0.87738,
    0.87738,
    0.87738,
    0.87738,
    0.97902,
    0.97902,
    0.97902,
    0.97902,
    0.97902,
    0.97902,
    0.97902,
    0.97902,
    0.97902,
    0.97902,
    0.9075,
    0.9075,
    0.9075,
    0.9075,
    0.9075,
    0.9075,
    0.9075,
    0.9075,
    0.9075,
    0.9075,
    0.98125,
    0.98125,
    0.98125,
    0.98125,
    0.98125,
    0.98125,
    0.98125,
    0.98125,
    0.98125,
    0.98125,
    0.9338,
    0.9338,
    0.9338,
    0.9338,
    0.9338,
    0.9338,
    0.9338,
    0.9338,
    0.9338,
    0.9338,
    0.93804,
    0.93804,
    0.93804,
    0.93804,
    0.93804,
    0.93804,
    0.93804,
    0.93804,
    0.93804,
    0.93804,
    0.8664,
    0.8664,
    0.8664,
    0.8664,
    0.8664,
    0.8664,
    0.8664,
    0.8664,
    0.8664,
    0.8664,
    0.94051,
    0.94051,
    0.94051,
    0.94051,
    0.94051,
    0.94051,
    0.94051,
    0.94051,
    0.94051,
    0.94051,
    0.88982,
    0.88982,
    0.88982,
    0.88982,
    0.88982,
    0.88982,
    0.88982,
    0.88982,
    0.88982,
    0.88982,
    0.89774,
    0.89774,
    0.89774,
    0.89774,
    0.89774,
    0.89774,
    0.89774,
    0.89774,
    0.89774,
    0.89774,
    0.84757,
    0.84757,
    0.84757,
    0.84757,
    0.84757,
    0.84757,
    0.84757,
    0.84757,
    0.84757,
    0.84757,
    0.865,
    0.865,
    0.865,
    0.865,
    0.865,
    0.865,
    0.865,
    0.865,
    0.865,
    0.865,
    0.98338,
    0.98338,
    0.98338,
    0.98338,
    0.98338,
    0.98338,
    0.98338,
    0.98338,
    0.98338,
    0.98338,
    0.9897,
    0.9897,
    0.9897,
    0.9897,
    0.9897,
    0.9897,
    0.9897,
    0.9897,
    0.9897,
    0.9897,
    0.84195,
    0.84195,
    0.84195,
    0.84195,
    0.84195,
    0.84195,
    0.84195,
    0.84195,
    0.84195,
    0.84195,
    0.91459,
    0.91459,
    0.91459,
    0.91459,
    0.91459,
    0.91459,
    0.91459,
    0.91459,
    0.91459,
    0.91459,
    0.88433,
    0.88433,
    0.88433,
    0.88433,
    0.88433,
    0.88433,
    0.88433,
    0.88433,
    0.88433,
    0.88433,
    0.82566,
    0.82566,
    0.82566,
    0.82566,
    0.82566,
    0.82566,
    0.82566,
    0.82566,
    0.82566,
    0.82566,
    0.89486,
    0.89486,
    0.89486,
    0.89486,
    0.89486,
    0.89486,
    0.89486,
    0.89486,
    0.89486,
    0.89486,
    0.88131,
    0.88131,
    0.88131,
    0.88131,
    0.88131,
    0.88131,
    0.88131,
    0.88131,
    0.88131,
    0.88131,
    0.86386,
    0.86386,
    0.86386,
    0.86386,
    0.86386,
    0.86386,
    0.86386,
    0.86386,
    0.86386,
    0.86386,
    0.90891,
    0.90891,
    0.90891,
    0.90891,
    0.90891,
    0.90891,
    0.90891,
    0.90891,
    0.90891,
    0.90891,
    0.94959,
    0.94959,
    0.94959,
    0.94959,
    0.94959,
    0.94959,
    0.94959,
    0.94959,
    0.94959,
    0.94959,
    0.77123,
    0.77123,
    0.77123,
    0.77123,
    0.77123,
    0.77123,
    0.77123,
    0.77123,
    0.77123,
    0.77123,
    0.85811,
    0.85811,
    0.85811,
    0.85811,
    0.85811,
    0.85811,
    0.85811,
    0.85811,
    0.85811,
    0.85811,
    0.94933,
    0.94933,
    0.94933,
    0.94933,
    0.94933,
    0.94933,
    0.94933,
    0.94933,
    0.94933,
    0.94933,
    0.93736,
    0.93736,
    0.93736,
    0.93736,
    0.93736,
    0.93736,
    0.93736,
    0.93736,
    0.93736,
    0.93736,
    0.87382,
    0.87382,
    0.87382,
    0.87382,
    0.87382,
    0.87382,
    0.87382,
    0.87382,
    0.87382,
    0.87382,
    0.86444,
    0.86444,
    0.86444,
    0.86444,
    0.86444,
    0.86444,
    0.86444,
    0.86444,
    0.86444,
    0.86444,
    0.84255,
    0.84255,
    0.84255,
    0.84255,
    0.84255,
    0.84255,
    0.84255,
    0.84255,
    0.84255,
    0.84255,
    0.79293,
    0.79293,
    0.79293,
    0.79293,
    0.79293,
    0.79293,
    0.79293,
    0.79293,
    0.79293,
    0.79293,
    0.94249,
    0.94249,
    0.94249,
    0.94249,
    0.94249,
    0.94249,
    0.94249,
    0.94249,
    0.94249,
    0.94249,
    0.80901,
    0.80901,
    0.80901,
    0.80901,
    0.80901,
    0.80901,
    0.80901,
    0.80901,
    0.80901,
    0.80901,
    0.79841,
    0.79841,
    0.79841,
    0.79841,
    0.79841,
    0.79841,
    0.79841,
    0.79841,
    0.79841,
    0.79841,
    0.98844,
    0.98844,
    0.98844,
    0.98844,
    0.98844,
    0.98844,
    0.98844,
    0.98844,
    0.98844,
    0.98844,
    0.8432,
    0.8432,
    0.8432,
    0.8432,
    0.8432,
    0.8432,
    0.8432,
    0.8432,
    0.8432,
    0.8432,
    0.88901,
    0.88901,
    0.88901,
    0.88901,
    0.88901,
    0.88901,
    0.88901,
    0.88901,
    0.88901,
    0.88901,
    0.90183,
    0.90183,
    0.90183,
    0.90183,
    0.90183,
    0.90183,
    0.90183,
    0.90183,
    0.90183,
    0.90183,
    0.8693,
    0.8693,
    0.8693,
    0.8693,
    0.8693,
    0.8693,
    0.8693,
    0.8693,
    0.8693,
    0.8693,
    1.00478,
    1.00478,
    1.00478,
    1.00478,
    1.00478,
    1.00478,
    1.00478,
    1.00478,
    1.00478,
    1.00478
  ],
  "timestamp": "2026-05-05T04:57:40.043146"
}