{
  "experiment": "T6",
  "model": "Qwen/Qwen3-32B",
  "method": "lora_r32",
  "elapsed_min": 194.8,
  "steps": 150,
  "final_loss": 0.9896300315856934,
  "peak_memory_gb": 74.03,
  "model_load_gb": 65.52,
  "n_params": 33030558720,
  "n_params_trainable": 268435456,
  "output_dir": "/home/student/Desktop/Test/models/T6_Qwen3-32B_lora_r32",
  "train_tokens_per_sec": 447.2,
  "train_tps_stdev": 52.1,
  "train_mfu_tflops": 29.546,
  "train_mfu_pct": 44.1,
  "power_w": 13.9,
  "temp_c": 67,
  "loss_curve": [
    1.42838,
    1.42838,
    1.42838,
    1.42838,
    1.42838,
    1.42838,
    1.42838,
    1.42838,
    1.42838,
    1.42838,
    1.10208,
    1.10208,
    1.10208,
    1.10208,
    1.10208,
    1.10208,
    1.10208,
    1.10208,
    1.10208,
    1.10208,
    0.93637,
    0.93637,
    0.93637,
    0.93637,
    0.93637,
    0.93637,
    0.93637,
    0.93637,
    0.93637,
    0.93637,
    1.0132,
    1.0132,
    1.0132,
    1.0132,
    1.0132,
    1.0132,
    1.0132,
    1.0132,
    1.0132,
    1.0132,
    1.078,
    1.078,
    1.078,
    1.078,
    1.078,
    1.078,
    1.078,
    1.078,
    1.078,
    1.078,
    1.02764,
    1.02764,
    1.02764,
    1.02764,
    1.02764,
    1.02764,
    1.02764,
    1.02764,
    1.02764,
    1.02764,
    1.04042,
    1.04042,
    1.04042,
    1.04042,
    1.04042,
    1.04042,
    1.04042,
    1.04042,
    1.04042,
    1.04042,
    1.02338,
    1.02338,
    1.02338,
    1.02338,
    1.02338,
    1.02338,
    1.02338,
    1.02338,
    1.02338,
    1.02338,
    1.06403,
    1.06403,
    1.06403,
    1.06403,
    1.06403,
    1.06403,
    1.06403,
    1.06403,
    1.06403,
    1.06403,
    1.08201,
    1.08201,
    1.08201,
    1.08201,
    1.08201,
    1.08201,
    1.08201,
    1.08201,
    1.08201,
    1.08201,
    0.99293,
    0.99293,
    0.99293,
    0.99293,
    0.99293,
    0.99293,
    0.99293,
    0.99293,
    0.99293,
    0.99293,
    0.98807,
    0.98807,
    0.98807,
    0.98807,
    0.98807,
    0.98807,
    0.98807,
    0.98807,
    0.98807,
    0.98807,
    0.99642,
    0.99642,
    0.99642,
    0.99642,
    0.99642,
    0.99642,
    0.99642,
    0.99642,
    0.99642,
    0.99642,
    1.02743,
    1.02743,
    1.02743,
    1.02743,
    1.02743,
    1.02743,
    1.02743,
    1.02743,
    1.02743,
    1.02743
  ],
  "timestamp": "2026-05-01T20:11:52.346678"
}