{
  "experiment": "T7",
  "model": "Qwen/Qwen3-30B-A3B",
  "method": "lora_r16",
  "elapsed_min": 157.7,
  "steps": 150,
  "final_loss": 1.0231334686279296,
  "peak_memory_gb": 64.9,
  "model_load_gb": 61.12,
  "n_params": 30545491968,
  "n_params_trainable": 13369344,
  "output_dir": "/home/student/Desktop/Test/models/T7_Qwen3-30B-A3B_lora_r16",
  "train_tokens_per_sec": 523.9,
  "train_tps_stdev": 16.5,
  "train_mfu_tflops": 32.008,
  "train_mfu_pct": 47.77,
  "power_w": 12.4,
  "temp_c": 58,
  "loss_curve": [
    1.94415,
    1.94415,
    1.94415,
    1.94415,
    1.94415,
    1.94415,
    1.94415,
    1.94415,
    1.94415,
    1.94415,
    1.31543,
    1.31543,
    1.31543,
    1.31543,
    1.31543,
    1.31543,
    1.31543,
    1.31543,
    1.31543,
    1.31543,
    1.00102,
    1.00102,
    1.00102,
    1.00102,
    1.00102,
    1.00102,
    1.00102,
    1.00102,
    1.00102,
    1.00102,
    1.05912,
    1.05912,
    1.05912,
    1.05912,
    1.05912,
    1.05912,
    1.05912,
    1.05912,
    1.05912,
    1.05912,
    1.12385,
    1.12385,
    1.12385,
    1.12385,
    1.12385,
    1.12385,
    1.12385,
    1.12385,
    1.12385,
    1.12385,
    1.06832,
    1.06832,
    1.06832,
    1.06832,
    1.06832,
    1.06832,
    1.06832,
    1.06832,
    1.06832,
    1.06832,
    1.08042,
    1.08042,
    1.08042,
    1.08042,
    1.08042,
    1.08042,
    1.08042,
    1.08042,
    1.08042,
    1.08042,
    1.06371,
    1.06371,
    1.06371,
    1.06371,
    1.06371,
    1.06371,
    1.06371,
    1.06371,
    1.06371,
    1.06371,
    1.09949,
    1.09949,
    1.09949,
    1.09949,
    1.09949,
    1.09949,
    1.09949,
    1.09949,
    1.09949,
    1.09949,
    1.11831,
    1.11831,
    1.11831,
    1.11831,
    1.11831,
    1.11831,
    1.11831,
    1.11831,
    1.11831,
    1.11831,
    1.02796,
    1.02796,
    1.02796,
    1.02796,
    1.02796,
    1.02796,
    1.02796,
    1.02796,
    1.02796,
    1.02796,
    1.01582,
    1.01582,
    1.01582,
    1.01582,
    1.01582,
    1.01582,
    1.01582,
    1.01582,
    1.01582,
    1.01582,
    1.0359,
    1.0359,
    1.0359,
    1.0359,
    1.0359,
    1.0359,
    1.0359,
    1.0359,
    1.0359,
    1.0359,
    1.06059,
    1.06059,
    1.06059,
    1.06059,
    1.06059,
    1.06059,
    1.06059,
    1.06059,
    1.06059,
    1.06059
  ],
  "timestamp": "2026-05-05T07:43:30.972677"
}